IČO,Name
21842469,GreatIT s.r.o.
26196581,"ARAMARK - zařízení školního stravování, s.r.o."
07575696,We hate ironing s.r.o.
27737586,Medac Gesellschaft für klinische Spezialpräparate m.b.H. - organizační složka
63984211,Emerson Automation Fluid Control & Pneumatics Czech Republic s.r.o.
19333650,"Grid Design, s.r.o."
19568053,SYNTECA a.s.
18631975,"ELECTROLUX, s.r.o."
08757461,AETON Reventures s.r.o.
11729295,Straight North s.r.o.
21023964,D&FG Country III s.r.o.
24831336,"D&FG Hotel Management Praha s.r.o., v likvidaci"
27898253,"OpenMIND Networks, organizační složka"
21219281,ZUZANA KRAUSOVÁ
28238362,"BRÝLE - ČOČKY, s.r.o."
21752109,"O2 IT Services s.r.o., odštěpný závod mluvii"
